{"_step":50,"_timestamp":1.7609179734701915e+09,"train/global_step":500,"train/loss":0.0292,"train/epoch":0.07399459839431721,"train_steps_per_second":0.602,"train/learning_rate":1.0935809887702154e-09,"train_loss":0.09187581622600556,"train_samples_per_second":4.812,"train/grad_norm":0.48519328236579895,"total_flos":0,"_runtime":830.485863144,"_wandb":{"runtime":849},"train_runtime":831.2312}